{"name":"2b8291d6-f943-4454-8721-e82f205eb476","id":"/providers/Microsoft.Flow/flows/2b8291d6-f943-4454-8721-e82f205eb476","type":"Microsoft.Flow/flows","properties":{"apiId":"/providers/Microsoft.PowerApps/apis/shared_logicflows","displayName":"Classify Pictures","definition":{"metadata":{"workflowEntityId":null,"creator":{"id":"879d2c82-38d9-4af7-b7da-f53421fedb3f","type":"User","tenantId":"107835e1-c9bc-4c66-a55f-4e15d4feafaa"},"provisioningMethod":"FromDefinition","failureAlertSubscription":true,"clientLastModifiedTime":"2019-08-09T17:49:54.9912187Z"},"$schema":"https://schema.management.azure.com/providers/Microsoft.Logic/schemas/2016-06-01/workflowdefinition.json#","contentVersion":"1.0.0.0","parameters":{"$connections":{"defaultValue":{},"type":"Object"},"$authentication":{"defaultValue":{},"type":"SecureObject"}},"triggers":{"When_a_file_is_created_or_modified_(properties_only)":{"recurrence":{"interval":5,"frequency":"Minute"},"splitOn":"@triggerBody()?['value']","metadata":{"flowSystemMetadata":{"swaggerOperationId":"GetOnUpdatedFileItems"}},"type":"ApiConnection","inputs":{"host":{"connection":{"name":"@parameters('$connections')['shared_sharepointonline']['connectionId']"},"api":{"runtimeUrl":"https://flow-apim-msmanaged-na-westus2-01.azure-apim.net/apim/sharepointonline"}},"method":"get","path":"/datasets/@{encodeURIComponent(encodeURIComponent('https://sadasalesdemo.sharepoint.com/sites/HR'))}/tables/@{encodeURIComponent(encodeURIComponent('Pictures'))}/onupdatedfileitems","authentication":"@parameters('$authentication')"}}},"actions":{"Condition":{"actions":{"Analyze_Image":{"runAfter":{"Get_file_content":["Succeeded"]},"metadata":{"flowSystemMetadata":{"swaggerOperationId":"AnalyzeImageV2"}},"type":"ApiConnection","inputs":{"host":{"connection":{"name":"@parameters('$connections')['shared_cognitiveservicescomputervision']['connectionId']"},"api":{"runtimeUrl":"https://flow-apim-msmanaged-na-centralus-01.azure-apim.net/apim/cognitiveservicescomputervision"}},"method":"post","body":"@body('Get_file_content')","path":"/vision/v2.0/analyze","queries":{"format":"Image Content","visualFeatures":"Tags,Description,Categories"},"authentication":"@parameters('$authentication')"}},"Get_file_content":{"runAfter":{},"metadata":{"flowSystemMetadata":{"swaggerOperationId":"GetFileContent"}},"type":"ApiConnection","inputs":{"host":{"connection":{"name":"@parameters('$connections')['shared_sharepointonline']['connectionId']"},"api":{"runtimeUrl":"https://flow-apim-msmanaged-na-westus2-01.azure-apim.net/apim/sharepointonline"}},"method":"get","path":"/datasets/@{encodeURIComponent(encodeURIComponent('https://sadasalesdemo.sharepoint.com/sites/HR'))}/files/@{encodeURIComponent(triggerBody()?['{Identifier}'])}/content","queries":{"inferContentType":true},"authentication":"@parameters('$authentication')"}},"Join_-_tag_names":{"runAfter":{"Analyze_Image":["Succeeded"]},"type":"Join","inputs":{"from":"@body('Analyze_Image')?['description']?['tags']","joinWith":","}},"Set_variable_-_tags":{"runAfter":{"Join_-_tag_names":["Succeeded"]},"type":"SetVariable","inputs":{"name":"tags","value":"@body('Join_-_tag_names')"}},"Update_file_properties":{"runAfter":{"Apply_to_each_-_Caption":["Succeeded"]},"metadata":{"flowSystemMetadata":{"swaggerOperationId":"PatchFileItem"}},"type":"ApiConnection","inputs":{"host":{"connection":{"name":"@parameters('$connections')['shared_sharepointonline']['connectionId']"},"api":{"runtimeUrl":"https://flow-apim-msmanaged-na-westus2-01.azure-apim.net/apim/sharepointonline"}},"method":"patch","body":{"Description":"@variables('Description')","Keywords":"@variables('tags')"},"path":"/datasets/@{encodeURIComponent(encodeURIComponent('https://sadasalesdemo.sharepoint.com/sites/HR'))}/tables/@{encodeURIComponent(encodeURIComponent('Pictures'))}/items/@{encodeURIComponent(triggerBody()?['ID'])}/patchfileitem","authentication":"@parameters('$authentication')"}},"Apply_to_each_-_Caption":{"foreach":"@body('Analyze_Image')?['description']?['captions']","actions":{"Append_to_captions":{"runAfter":{"Parse_JSON":["Succeeded"]},"type":"AppendToStringVariable","inputs":{"name":"Description","value":"@body('Parse_JSON')?['text']"}},"Parse_JSON":{"runAfter":{},"type":"ParseJson","inputs":{"content":"@items('Apply_to_each_-_Caption')","schema":{"type":"object","properties":{"text":{"type":"string"},"confidence":{"type":"number"}}}}}},"runAfter":{"Set_variable_-_tags":["Succeeded"]},"type":"Foreach"}},"runAfter":{"Initialize_variable_-_Description":["Succeeded"]},"expression":{"or":[{"contains":["@triggerBody()?['{FilenameWithExtension}']","jpg"]},{"contains":["@triggerBody()?['{FilenameWithExtension}']","jpeg"]},{"contains":["@triggerBody()?['{FilenameWithExtension}']","png"]},{"contains":["@triggerBody()?['{FilenameWithExtension}']","gif"]}]},"type":"If"},"Initialize_variable_-_tags":{"runAfter":{},"type":"InitializeVariable","inputs":{"variables":[{"name":"tags","type":"String"}]}},"Initialize_variable_-_Description":{"runAfter":{"Initialize_variable_-_tags":["Succeeded"]},"type":"InitializeVariable","inputs":{"variables":[{"name":"Description","type":"String"}]}}},"description":"Automatically classify pictures by adding tags and caption using Vision API"},"connectionReferences":{"shared_cognitiveservicescomputervision":{"connectionName":"shared-cognitiveserv-60b11aff-e63f-4271-b4ef-95ea1a5f69f0","source":"Embedded","id":"/providers/Microsoft.PowerApps/apis/shared_cognitiveservicescomputervision","tier":"NotSpecified"},"shared_sharepointonline":{"connectionName":"shared-sharepointonl-b392f9bc-b089-4e49-a732-7af446eceb73","source":"Embedded","id":"/providers/Microsoft.PowerApps/apis/shared_sharepointonline","tier":"NotSpecified"}},"flowFailureAlertSubscribed":false}}